"","Species.Common.Name","Species.Latin.Name","Species.ID","short_name"
"1","Aaban","Eugenia bryanii",62,"Eugenia bryanii"
"2","Acropora globiceps","Acropora globiceps",70,"Acropora globiceps"
"3","Acropora retusa","Acropora retusa",71,"Acropora retusa"
"4","Acuña cactus","Echinomastus erectocentrus var. acunensis",92,"Echinomastus erectocentrus"
"5","Aleutian Tern","Onychoprion aleuticus",147,"Onychoprion aleuticus"
"6","Allen’s Hummingbird","Selasphorus sasin",122,"Selasphorus sasin"
"7","Alligator Snapping Turtle","Macrochelys temminckii",158,"Macrochelys temminckii"
"8","American Bittern","Botaurus lentiginosus",141,"Botaurus lentiginosus"
"9","American Bumble Bee","Bombus pensylvanicus",73,"Bombus pensylvanicus"
"10","American Golden-Plover","Pluvialis dominica",140,"Pluvialis dominica"
"11","American Kestrel","Falco sparverius",167,"Falco sparverius"
"12","American Oystercatcher","Haematopus palliatus",95,"Haematopus palliatus"
"13","Aplokating-palaoan","Psychotria malaspinae",64,"Psychotria malaspinae"
"14","Argos Skipper","Atryone arogos arogos",183,"Atryone arogos"
"15","Atlantic Sturgeon","Acipenser oxyrinchus oxyrinchus",13,"Acipenser oxyrinchus"
"16","Bald Eagle","Haliaeetus Leucocuphalus",8,"Haliaeetus Leucocuphalus"
"17","Barred Owl","Strix varia",156,"Strix varia"
"18","Bendire’s Thrasher","Toxostoma bendirei",26,"Toxostoma bendirei"
"19","Black Skimmer","Rynchops niger",152,"Rynchops niger"
"20","Blanding's Turtle","Emydoidea blandingii",113,"Emydoidea blandingii"
"21","Blue Whale","Balaenoptera musculus",66,"Balaenoptera musculus"
"22","Bobolink","Dolichonyx oryzivorus",174,"Dolichonyx oryzivorus"
"23","Bocaccio","Sebastes paucispinis",44,"Sebastes paucispinis"
"24","Bog Turtle","Glyptemus muhlenbergii",181,"Glyptemus muhlenbergii"
"25","Broad-winged Hawk","Buteo platypterus",99,"Buteo platypterus"
"26","Bull Trout","Salvelinus confluentus",40,"Salvelinus confluentus"
"27","Cactus Ferruginous Pygmy-owl","Glaucidium brasilianum cactorum",85,"Glaucidium brasilianum"
"28","California Black Rail","Laterallus jamaicensis coturniculus",132,"Laterallus jamaicensis"
"29","California Gull","Larus californicus",120,"Larus californicus"
"30","California Tiger Salamander","Ambystoma californiense",127,"Ambystoma californiense"
"31","Chaffseed","Schwalbea americana",187,"Schwalbea americana"
"32","Choctaw Bean","Obovaria choctawensis",165,"Obovaria choctawensis"
"33","Cliff Swallow","Petrochelidon pyrrhonota",110,"Petrochelidon pyrrhonota"
"34","Contra Costa goldfields","Lasthenia conjugens",130,"Lasthenia conjugens"
"35","Cook Inlet Beluga Whale","Delphinapterus leucas",67,"Delphinapterus leucas"
"36","Corn Snake","Elaphe guttata guttata",180,"Elaphe guttata"
"37","Costa's Hummingbird","Calypte costae",84,"Calypte costae"
"38","Curve-billed Thrasher","Toxostoma curvirostre",93,"Toxostoma curvirostre"
"39","Dendrobium guamese","Dendrobium guamese",55,"Dendrobium guamese"
"40","Desert Tortoise","Gopherus agassizii",20,"Gopherus agassizii"
"41","Eastern Black Rail","Laterallus jamaicensis jamaicensis",7,"Laterallus jamaicensis"
"42","Eastern Indigo Snake","Drymarchon corais couperi",155,"Drymarchon corais"
"43","Eastern Meadowlark","Sturnella magna",112,"Sturnella magna"
"44","Eastern Small-footed Bat","Myotis leibii",106,"Myotis leibii"
"45","Eastern Towhee","Pipilo erythrophthalmus",102,"Pipilo erythrophthalmus"
"46","Eastern-Whip-poor-will","Antrostomus vociferus",108,"Antrostomus vociferus"
"47","Fadang","Cycas micronesica",54,"Cycas micronesica"
"48","Field Sparrow","Spizella pusilla",103,"Spizella pusilla"
"49","Fire Tree","Serianthes nelsonii",60,"Serianthes nelsonii"
"50","Flat-tailed horned lizard","Phrynosoma mcallii",88,"Phrynosoma mcallii"
"51","Florida Bog Frog","Lithobates okaloosae",160,"Lithobates okaloosae"
"52","Florida Burrowing Owl","Athene cunicularia floridana",153,"Athene cunicularia"
"53","Florida Perforate Lichen","Cladonia perforata",168,"Cladonia perforata"
"54","Florida Scrub Jay","Aphelocoma coerulescens",178,"Aphelocoma coerulescens"
"55","Fragile Tree Snail","Samoana fragilis",53,"Samoana fragilis"
"56","Fuzzy Pigtoe","Pleurobema strodeanum",166,"Pleurobema strodeanum"
"57","Golden Eagle","Aquila chrysaetos",21,"Aquila chrysaetos"
"58","Gopher Tortoise","Gopherus polyphemus",157,"Gopherus polyphemus"
"59","Grasshopper Sparrow","Ammodramus savannarum",101,"Ammodramus savannarum"
"60","Gray Vireo","Vireo vicinior",86,"Vireo vicinior"
"61","Gray-headed Chickadee","Poecile cinctus",148,"Poecile cinctus"
"62","Greater Sage-grouse","Centrocercus urophasianus",23,"Centrocercus urophasianus"
"63","Greater Sandhill Crane","Antigone canadensis tabida",131,"Antigone canadensis"
"64","Greater Yellowlegs","Tringa melanoleuca",202,"Tringa melanoleuca"
"65","Green Sea Turtle","Chelonia mydas",14,"Chelonia mydas"
"66","Guam Tree Snail","Partula radiolata",52,"Partula radiolata"
"67","Gulf Sturgeon","Acipenser oxyrinchus desotoi",161,"Acipenser oxyrinchus"
"68","Hawksbill Sea Turtle","Eretmochelys imbricata",15,"Eretmochelys imbricata"
"69","Henslow's Sparrow","Ammodramus henslowii",170,"Ammodramus henslowii"
"70","Hoary Bat","Lasiurus cinereus",105,"Lasiurus cinereus"
"71","Hood Canal Chum Salmon","Oncorhynchus keta",43,"Oncorhynchus keta"
"72","Horned Lark","Eremophila alpestris",175,"Eremophila alpestris"
"73","Hudsonian Godwit","Limosa haemastica",142,"Limosa haemastica"
"74","Humped Tree Snail","Partula gibba",51,"Partula gibba"
"75","Indiana Bat","Myotis sodalis",4,"Myotis sodalis"
"76","Kemp’s Ridley Sea Turtle","Chelonia mydas",79,"Chelonia mydas"
"77","Killer Whale","Orcinus orca",39,"Orcinus orca"
"78","Knieskern's Beaked Rush","Rhynchospora knieskernii",186,"Rhynchospora knieskernii"
"79","Las Vegas Bearpoppy","Arctomecon californica",30,"Arctomecon californica"
"80","Least Tern","Sterna antillarum antillarum",6,"Sterna antillarum"
"81","Leatherback Sea Turtle","Dermochelys coriacea",80,"Dermochelys coriacea"
"82","LeConte’s Thrasher","Toxostoma lecontei",27,"Toxostoma lecontei"
"83","Lesser Long-nosed Bat","Leptonycteris yerbabuenae",68,"Leptonycteris yerbabuenae"
"84","Lesser Yellowlegs","Tringa flavipes",143,"Tringa flavipes"
"85","Lewis’s Woodpecker","Melanerpes lewis",24,"Melanerpes lewis"
"86","Lewis's Woodpecker","Mealnerpes lewis",133,"Mealnerpes lewis"
"87","Little Brown Bat","Myotis lucifugus",2,"Myotis lucifugus"
"88","Loggerhead Sea Turtle","Caretta caretta",81,"Caretta caretta"
"89","Loggerhead Shrike","Lanius ludovicianus",19,"Lanius ludovicianus"
"90","Long-billed Curlew","Numenius americanus",116,"Numenius americanus"
"91","Long-eared Owl","Asio otus",146,"Asio otus"
"92","Long-tailed Duck","Clangula hyemalis",204,"Clangula hyemalis"
"93","Marbled Godwit","Limosa fedoa",118,"Limosa fedoa"
"94","Marbled Murrelet","Brachyramphus marmoratus",36,"Brachyramphus marmoratus"
"95","Mariana Common Moorhen","Gallinula chloropus guami",48,"Gallinula chloropus"
"96","Mariana Eight-spot Butterfly","Hypolimnas octocula marianensis",50,"Hypolimnas octocula"
"97","Mariana Fruit Bat","Pteropus mariannus mariannus",46,"Pteropus mariannus"
"98","Mariana Gray Swiftlet","Aerodramus vanikorensis bartschi",49,"Aerodramus vanikorensis"
"99","McKay’s Western Bumble Bee","Bombus mckayi",65,"Bombus mckayi"
"100","Micronesian Megapode","Megapodius laperouse",47,"Megapodius laperouse"
"101","Mohave Ground Squirrel","Xerospermophilus mohavensis",31,"Xerospermophilus mohavensis"
"102","Mohawk Dunes Fringe-toed lizard","Uma thurmanae",90,"Uma thurmanae"
"103","Mojave Poppy Bee","Perdita meconis",29,"Perdita meconis"
"104","Monarch Butterfly","Danaus plexippus plexippus",12,"Danaus plexippus"
"105","Mountain Plover","Charadrius montanus",83,"Charadrius montanus"
"106","Narrow Pigtoe","Fusconaia escambia",163,"Fusconaia escambia"
"107","Northern Bog Lemming","Synaptomys borealis",38,"Synaptomys borealis"
"108","Northern Diamondback Terrapin","Malaclemys terrapin terrapin",10,"Malaclemys terrapin"
"109","Northern Harrier","Circus hudsonius",98,"Circus hudsonius"
"110","Northern Long-eared Bat","Myotis septentrionalis",3,"Myotis septentrionalis"
"111","Northern Pine Snake","Pituophis melanoleucus melanoleucus",179,"Pituophis melanoleucus"
"112","Northern Pintail","Anas acuta",203,"Anas acuta"
"113","Northern Sea Otter","Enhydra lutris kenyoni",16,"Enhydra lutris"
"114","Northern Spotted Owl","Strix occidentalis caurina",35,"Strix occidentalis"
"115","Northwest Pond Turtle","Actinemys marmorata",136,"Actinemys marmorata"
"116","Nuttall's Woodpecker","Picoides nuttallii",124,"Picoides nuttallii"
"117","Oak Titmouse","Baeolophus inornatus",126,"Baeolophus inornatus"
"118","Okaloosa Darter","Etheostoma okaloosae",162,"Etheostoma okaloosae"
"119","Olive-sided Flycatcher","Contopus cooperi",134,"Contopus cooperi"
"120","Pau dedu","Hedyotis megalantha",63,"Hedyotis megalantha"
"121","Peregrine Falcon","Falco peregrinus",109,"Falco peregrinus"
"122","Pied-billed Grebe","Podilymbus podiceps",107,"Podilymbus podiceps"
"123","Pine Barrens Tree Frog","Hyla andersonii",182,"Hyla andersonii"
"124","Pinyon Jay","Gymnorhinus cyanocephalus",25,"Gymnorhinus cyanocephalus"
"125","Piping Plover","Charadrius melodus melodus",76,"Charadrius melodus"
"126","Prairie Warbler","Setophaga discolor",104,"Setophaga discolor"
"127","Puget Sound Chinook Salmon","Oncorhynchus tshawytscha",42,"Oncorhynchus tshawytscha"
"128","Puget Sound Steelhead","Oncorhynchus mykiss",41,"Oncorhynchus mykiss"
"129","Pyrrhuloxia","Cardinalis sinuatus",87,"Cardinalis sinuatus"
"130","Red-Cockaded Woodpecker","Picoides borealis",154,"Picoides borealis"
"131","Reticulated Flatwoods Salamander","Ambystoma bishopi",159,"Ambystoma bishopi"
"132","Roseate Tern","Sterna dougallii dougallii",75,"Sterna dougallii"
"133","Rufa Red Knot","Calidris canutus rufa",77,"Calidris canutus"
"134","Rufous Hummingbird","Selasphorus rufus",121,"Selasphorus rufus"
"135","Rusty Blackbird","Euphagus carolinus",111,"Euphagus carolinus"
"136","Rusty Patched Bumble Bee","Bombus affinis",11,"Bombus affinis"
"137","Safford’s Leafflower","Phyllanthus saffordii",59,"Phyllanthus saffordii"
"138","Santa Rosa Beach Mouse","Peromyscus polionotus leucocephalus",149,"Peromyscus polionotus"
"139","Savannah Sparrow","Passerculus sandwichensis",172,"Passerculus sandwichensis"
"140","Scalloped Hammerhead Shark","Sphyrna lewini",69,"Sphyrna lewini"
"141","Seriatopora aculeata","Seriatopora aculeata",72,"Seriatopora aculeata"
"142","Seyaihagon","Nervilia jacksoniae",56,"Nervilia jacksoniae"
"143","Short-billed Dowitcher","Limnodromus griseus",119,"Limnodromus griseus"
"144","Short-eared Owl","Asio flammeus",97,"Asio flammeus"
"145","Shortnose Sturgeon","Acipenser brevirostrum",74,"Acipenser brevirostrum"
"146","Short-tailed Albatross","Phoebastria albatrus",17,"Phoebastria albatrus"
"147","Silver-borded Fritillary","Boloria selene myrina",184,"Boloria selene"
"148","Small Whorled Pogonia","Isotria medeoloides",115,"Isotria medeoloides"
"149","Snowy Plover","Charadrius nivosus",151,"Charadrius nivosus"
"150","Solitary Sandpiper","Tringa solitaria",145,"Tringa solitaria"
"151","Sonoran Desert Tortoise","Gopherus morafkai",91,"Gopherus morafkai"
"152","Sonoran Pronghorn","Antilocapra americana sonoriensis",82,"Antilocapra americana"
"153","Southeastern American Kestrel","Falco sparverius paulus",177,"Falco sparverius"
"154","Southeastern Beach Mouse","Peromyscus polionotus niveiventris",169,"Peromyscus polionotus"
"155","Southern Sandshell","Hamiota australis",164,"Hamiota australis"
"156","Southwestern Willow Flycatcher","Empidonax traillii extimus",94,"Empidonax traillii"
"157","Spotted Bat","Euderma maculatum",18,"Euderma maculatum"
"158","Spotted Turtle","Clemmys guttata",9,"Clemmys guttata"
"159","St. Andrews Beach Mouse","Peromyscus polionotus peninsularis",150,"Peromyscus polionotus"
"160","Steelhead Central Vally DPS","Oncorhynchus mykiss irideus",138,"Oncorhynchus mykiss"
"161","Swainson's Hawk","Buteo swainsonii",123,"Buteo swainsonii"
"162","Swamp-pink","Helonias bullata",185,"Helonias bullata"
"163","Timber Rattlesnake","Crotalus horridus",176,"Crotalus horridus"
"164","Tinospora homosepala","Tinospora homosepala",58,"Tinospora homosepala"
"165","Tricolored Bat","Perimyotis subflavus",1,"Perimyotis subflavus"
"166","Tricolored Blackbird","Agelaius tricolor",32,"Agelaius tricolor"
"167","Tuberolabium guamese","Tuberolabium guamese",57,"Tuberolabium guamese"
"168","Ufa-halomtano","Heritiera longipetiolata",61,"Heritiera longipetiolata"
"169","Upland Sandpiper","Bartramia longicauda",96,"Bartramia longicauda"
"170","Valley Elderberry Longhorn Beetle","Desmocerus californicus dimorphus",139,"Desmocerus californicus"
"171","Verdin","Auriparus flaviceps",201,"Auriparus flaviceps"
"172","Vernal Pool Fairy Shrimp","Branchinecta lynchi",128,"Branchinecta lynchi"
"173","Vernal Pool Tadpole Shrimp","Lepidurus packardi",129,"Lepidurus packardi"
"174","Vesper Sparrow","Pooecetes graineus",173,"Pooecetes graineus"
"175","Wandering Tattler","Tringa incana",144,"Tringa incana"
"176","West Indian Manatee","Trichechus manatus",78,"Trichechus manatus"
"177","Western Bumblebee","Bombus occidentalis",28,"Bombus occidentalis"
"178","Western Burrowing Owl","Athene cunicularia hypugaea",22,"Athene cunicularia"
"179","Western Joshua Tree","Yucca brevifolia",34,"Yucca brevifolia"
"180","Western Pond Turtle","Actinemys spp.",33,"Actinemys spp."
"181","Western Spadefoot","Spea hammondii",137,"Spea hammondii"
"182","Whimbrel","Numenius phaeopus",117,"Numenius phaeopus"
"183","Willow Flycatcher","Empidonax trailii",135,"Empidonax trailii"
"184","Wood Stork","Mycteria americana",171,"Mycteria americana"
"185","Wood Thrush","Hylocichla mustelina",100,"Hylocichla mustelina"
"186","Wood Turtle","Glyptemys insculpta",114,"Glyptemys insculpta"
"187","Yellow-Billed Cuckoo","Coccyzus americanus americanus",5,"Coccyzus americanus"
"188","Yellow-Billed Cuckoo (Western)","Coccyzus americanus occidentalis",37,"Coccyzus americanus"
"189","Yellow-billed Magpie","Pica nuttalli",125,"Pica nuttalli"
"190","Yelloweye Rockfish","Sebastes ruberrimus",45,"Sebastes ruberrimus"
"191","Yuman Desert Fringe-toed Lizard","Uma rufopunctata",89,"Uma rufopunctata"
"192","Nassau Grouper","Epinephelus striatus",188,"Epinephelus striatus"
"193",NA,NA,189,NA
"194",NA,NA,190,NA
"195",NA,NA,191,NA
"196",NA,NA,192,NA
"197",NA,NA,193,NA
"198",NA,NA,194,NA
"199",NA,NA,195,NA
"200",NA,NA,196,NA
"201",NA,NA,197,NA
"202",NA,NA,198,NA
"203",NA,NA,199,NA
"204",NA,NA,200,NA
